labels,Média,Desvio Padrão
theta_1,60.24193548387097,36.44668465114972
theta_2,84.37354838709678,31.714977793483815
theta_3,60.23032258064516,34.52080975799279
theta_4,38.01096774193548,37.49628638427896
