labels,Média,Desvio Padrão
theta_1,60.76774193548387,36.375052485023815
theta_2,84.35225806451614,31.706798569806782
theta_3,60.39483870967742,34.624458618892845
theta_4,37.85032258064516,37.496195719623934
