labels,Média,Desvio Padrão
theta_1,60.66451612903226,36.282409746651936
theta_2,84.37161290322581,31.770974285910665
theta_3,60.263225806451615,34.66057166729865
theta_4,38.25483870967742,37.57277101503466
