labels,Média,Desvio Padrão
p_x,7.794410641349783,19.72048354255196
p_y,13.516457485907447,21.94261454191428
p_z,34.96716125506065,16.6675698285422
roll,0.523190871076173,1.595451983600109
pich,-0.4710154714393318,1.0166822509408309
yaw,-0.9544749719462803,1.692068745078529
