labels,Média,Desvio Padrão
p_x,7.747472253827799,19.86346168554141
p_y,13.533490054229693,21.957983602837174
p_z,34.87472964718707,16.702644180271353
roll,0.5297298001518781,1.592427661734649
pich,-0.4671894874015894,1.0201047264063072
yaw,-0.966492299600516,1.689621198889267
