labels,Média,Desvio Padrão
p_x,7.659780992412682,19.75560644302758
p_y,13.345672650473038,22.038981664232434
p_z,34.88222093242095,16.746468557089734
roll,0.5385056776789792,1.6021128459984475
pich,-0.4592018054890593,1.0240005963290681
yaw,-0.9510471959674714,1.6902219510593977
