labels,Média,Desvio Padrão
theta_1,93.83993532740502,17.021796554965363
theta_2,57.02182700080841,26.06658364805065
theta_3,75.63783346806791,28.80039956093651
theta_4,19.81891673403395,22.427453102536614
