labels,Média,Desvio Padrão
p_x,-2.585439403846456,12.224984507952978
p_y,39.907834541683485,6.633735379869272
p_z,18.529289453490843,11.141999035233118
roll,0.7845248480104603,2.0485865471444904
pich,-1.2988805196450721,0.22383785691239133
yaw,0.23614708480497656,1.635764072582385
