labels,Média,Desvio Padrão
theta_1,93.47210994341148,17.1366255476421
theta_2,57.2837510105093,25.9901325003367
theta_3,75.78334680679062,28.92487323723298
theta_4,19.44058205335489,22.449744157950082
