labels,Média,Desvio Padrão
theta_1,60.50806451612903,36.35865162333191
theta_2,84.28064516129032,31.710809384842285
theta_3,60.443225806451615,34.5241150303147
theta_4,37.76903225806451,37.23721095502087
