labels,Média,Desvio Padrão
p_x,7.904199042185902,19.797573985926274
p_y,13.487277389753304,21.892654733931952
p_z,34.953908685279146,16.7234689176782
roll,0.524332614026629,1.5889127216343006
pich,-0.46985560698734014,1.0152760402021976
yaw,-0.97407012157766,1.686722560713932
