labels,Média,Desvio Padrão
theta_1,60.54032258064516,36.41736097716437
theta_2,84.28645161290322,31.754306951806413
theta_3,60.35612903225807,34.57990668445939
theta_4,37.91612903225806,37.44950231612264
