mean_fit_time,std_fit_time,mean_score_time,std_score_time,param_hidden_layer_sizes,param_activation,params,split0_test_r2,split1_test_r2,mean_test_r2,std_test_r2,rank_test_r2,split0_train_r2,split1_train_r2,mean_train_r2,std_train_r2,split0_test_neg_mse,split1_test_neg_mse,mean_test_neg_mse,std_test_neg_mse,rank_test_neg_mse,split0_train_neg_mse,split1_train_neg_mse,mean_train_neg_mse,std_train_neg_mse
30.196224689483643,10.820735216140747,0.005692720413208008,0.0002613067626953125,"(360, 410)",relu,"{'hidden_layer_sizes': (360, 410), 'activation': 'relu'}",0.9971481960736821,0.9945333430146361,0.9958407695441591,0.0013074265295229814,1,0.9980209695686695,0.9948579203986663,0.9964394449836679,0.0015815245850016035,-0.0028732530091684773,-0.005375903110343147,-0.0041245780597558125,0.001251325050587335,1,-0.0019761393481465554,-0.005153193761786782,-0.0035646665549666683,0.001588527206820113
30.97940707206726,1.8803491592407227,0.011269688606262207,0.0003336668014526367,"(2875,)",relu,"{'hidden_layer_sizes': (2875,), 'activation': 'relu'}",0.9921293708529217,0.9922353229654155,0.9921823469091686,5.29760562468784e-05,2,0.9937597204285934,0.9929460783707548,0.9933528993996741,0.00040682102891931304,-0.007915991724667028,-0.0076354462372099025,-0.007775718980938465,0.000140272743728563,2,-0.006232886339356593,-0.007069592859253685,-0.006651239599305139,0.000418353259948546
