mean_fit_time,std_fit_time,mean_score_time,std_score_time,param_hidden_layer_sizes,param_activation,params,split0_test_r2,split1_test_r2,mean_test_r2,std_test_r2,rank_test_r2,split0_train_r2,split1_train_r2,mean_train_r2,std_train_r2,split0_test_neg_mse,split1_test_neg_mse,mean_test_neg_mse,std_test_neg_mse,rank_test_neg_mse,split0_train_neg_mse,split1_train_neg_mse,mean_train_neg_mse,std_train_neg_mse
15.241369724273682,2.385725736618042,0.004568219184875488,0.00043570995330810547,"(340, 240)",relu,"{'hidden_layer_sizes': (340, 240), 'activation': 'relu'}",0.9967608384686656,0.9968105689586563,0.9967857037136609,2.4865244995342373e-05,1,0.9972450450734062,0.9964631867912046,0.9968541159323054,0.00039092914110078203,-0.0032704092165296993,-0.00312820007652543,-0.0031993046465275646,7.110457000213469e-05,1,-0.0027501860834971735,-0.003543521237889068,-0.0031468536606931207,0.00039666757719594714
29.547725081443787,5.7105008363723755,0.0958547592163086,0.03475046157836914,"(5550,)",tanh,"{'hidden_layer_sizes': (5550,), 'activation': 'tanh'}",0.5355971812208355,0.5340109684068953,0.5348040748138654,0.0007931064069701121,2,0.5342551266323938,0.533732808337312,0.5339939674848528,0.0002611591475409347,-0.4737809447272842,-0.4582658330676987,-0.46602338889749145,0.007757555829792762,2,-0.46433584483267587,-0.46717429924624443,-0.46575507203946015,0.0014192272067842793
