mean_fit_time,std_fit_time,mean_score_time,std_score_time,param_hidden_layer_sizes,param_activation,params,split0_test_r2,split1_test_r2,mean_test_r2,std_test_r2,rank_test_r2,split0_train_r2,split1_train_r2,mean_train_r2,std_train_r2,split0_test_neg_mse,split1_test_neg_mse,mean_test_neg_mse,std_test_neg_mse,rank_test_neg_mse,split0_train_neg_mse,split1_train_neg_mse,mean_train_neg_mse,std_train_neg_mse
23.661088824272156,0.675460696220398,0.0045969486236572266,0.0005853176116943359,"(450, 310, 170)",relu,"{'hidden_layer_sizes': (450, 310, 170), 'activation': 'relu'}",0.9970751129974829,0.9974382006968749,0.9972566568471789,0.00018154384969604198,1,0.9979024204698349,0.9981280801588515,0.9980152503143431,0.0001128298445082776,-0.002864148508071732,-0.0025050966044181185,-0.0026846225562449253,0.00017952595182680687,1,-0.002100230006507737,-0.0018773760646870997,-0.001988803035597418,0.00011142697091031859
55.07712280750275,8.90674364566803,0.017040371894836426,0.0017205476760864258,"(4320,)",relu,"{'hidden_layer_sizes': (4320,), 'activation': 'relu'}",0.9947966639242426,0.9949222561805499,0.9948594600523962,6.279612815363045e-05,2,0.995513072630339,0.9958886575890075,0.9957008651096733,0.0001877924793342589,-0.005153448333543348,-0.0049545044239783405,-0.005053976378760844,9.947195478250377e-05,2,-0.004485939417350851,-0.0041248301811755185,-0.004305384799263185,0.00018055461808766642
