mean_fit_time,std_fit_time,mean_score_time,std_score_time,param_hidden_layer_sizes,param_activation,params,split0_test_r2,split1_test_r2,mean_test_r2,std_test_r2,rank_test_r2,split0_train_r2,split1_train_r2,mean_train_r2,std_train_r2,split0_test_neg_mse,split1_test_neg_mse,mean_test_neg_mse,std_test_neg_mse,rank_test_neg_mse,split0_train_neg_mse,split1_train_neg_mse,mean_train_neg_mse,std_train_neg_mse
17.39062798023224,2.4829760789871216,0.0034743547439575195,0.0005413293838500977,"(415, 275, 205)",relu,"{'hidden_layer_sizes': (415, 275, 205), 'activation': 'relu'}",0.997176291199638,0.9978323895775854,0.9975043403886117,0.00032804918897366697,1,0.9976277971207672,0.9986316716225574,0.9981297343716623,0.0005019372508950903,-0.002773199835185651,-0.0021917644276637344,-0.0024824821314246926,0.0002907177037609584,1,-0.0023797456456461454,-0.001365558586146241,-0.001872652115896193,0.0005070935297499523
23.63305652141571,5.2881046533584595,0.004463672637939453,0.0004994869232177734,"(275, 310, 450)",relu,"{'hidden_layer_sizes': (275, 310, 450), 'activation': 'relu'}",0.9970117215319456,0.9976305800539125,0.997321150792929,0.00030942926098342927,2,0.9974720170071637,0.9984291922239777,0.9979506046155707,0.00047858760840702175,-0.0029417916356145385,-0.002391387545594333,-0.0026665895906044356,0.00027520204501010263,2,-0.002533903369028366,-0.0015683714208876262,-0.002051137394957996,0.00048276597407036995
