labels,Média,Desvio Padrão
theta_1,28.587360594795538,18.447473610893635
theta_2,56.83271375464684,26.006738626245006
theta_3,75.3992565055762,28.7662880869643
theta_4,19.82453531598513,22.719341289972363
