labels,Média,Desvio Padrão
p_x,34.79954934482399,8.531276781416647
p_y,19.11841221714429,12.117917108020633
p_z,18.552861553850914,11.116873808518953
roll,0.7780415428319264,2.0743477826071035
pich,-1.3003877840123814,0.2255776876869045
yaw,-0.5650335155346285,1.7754722756726788
