labels,Média,Desvio Padrão
theta_1,28.66542750929368,18.536198733261152
theta_2,56.93977695167286,25.808850128040643
theta_3,75.45278810408922,28.71520525214082
theta_4,19.63717472118959,22.515933082495668
