mean_fit_time,std_fit_time,mean_score_time,std_score_time,param_hidden_layer_sizes,param_activation,params,split0_test_score,split1_test_score,split2_test_score,split3_test_score,split4_test_score,mean_test_score,std_test_score,rank_test_score,split0_train_score,split1_train_score,split2_train_score,split3_train_score,split4_train_score,mean_train_score,std_train_score
7.675023889541626,1.529265478210824,0.011341142654418945,0.0007600126513229678,"(220, 120, 210, 210)",relu,"{'hidden_layer_sizes': (220, 120, 210, 210), 'activation': 'relu'}",-0.005217841552957324,-0.0052327626580025806,-0.00543554280906004,-0.005999814805903396,-0.006128393323479747,-0.005602871029880617,0.0003865138240502989,1,-0.004027280704257065,-0.005178301406610123,-0.0047399027581379125,-0.005746175415299879,-0.00455502039228896,-0.004849336135318788,0.0005808461751974044
