labels,Média,Desvio Padrão
theta_1,60.63321385902031,36.67463902665737
theta_2,115.44086021505376,8.338874328497873
theta_3,25.6415770609319,21.11651901452166
theta_4,78.3010752688172,33.098674549116325
