labels,Média,Desvio Padrão
theta_1,61.47550776583034,36.67037693690079
theta_2,115.3763440860215,8.360061195555627
theta_3,25.59856630824373,21.09944362399211
theta_4,78.415770609319,32.64733741328344
