labels,Média,Desvio Padrão
p_x,-9.222188976316026,12.03588622900233
p_y,-15.86888379685116,8.983858362691993
p_z,46.12617347819552,8.734059765116115
roll,0.772889921936157,1.529914058682152
pich,1.0761528927224437,0.3368577024686265
yaw,-1.0627293618519063,1.6227884178396523
