labels,Média,Desvio Padrão
theta_1,60.571774193548386,36.31814631408072
theta_2,84.12,31.861977339770043
theta_3,60.20322580645161,34.52434376168182
theta_4,38.020645161290325,37.46013226433103
