labels,Média,Desvio Padrão
p_x,10.128439208950217,12.599124941867228
p_y,17.964560663951904,10.13388525320489
p_z,47.00585477822303,7.229886413171597
roll,-1.4058745899326343e-16,9.523328376786715e-17
pich,-0.6908988765843416,0.3419544304034436
yaw,-1.919952049966775,1.0000031384630121
