labels,Média,Desvio Padrão
theta_1,61.07621009268795,35.13509839887465
theta_2,93.59629248197734,18.694292366891048
theta_3,70.29454170957776,29.720977779265265
theta_4,27.812564366632337,30.421513315658387
