labels,Média,Desvio Padrão
theta_1,61.09680741503605,35.29859244112148
theta_2,93.52832131822863,18.892616792616373
theta_3,69.99794026776519,29.973348887691827
theta_4,27.769309989701338,30.569134986764634
