mean_fit_time,std_fit_time,mean_score_time,std_score_time,param_hidden_layer_sizes,param_activation,params,split0_test_score,mean_test_score,std_test_score,rank_test_score,split0_train_score,mean_train_score,std_train_score
1.3201136589050293,0.0,0.011001825332641602,0.0,"(1395,)",tanh,"{'hidden_layer_sizes': (1395,), 'activation': 'tanh'}",-0.471390959387034,-0.471390959387034,0.0,2,-0.4597661235829881,-0.4597661235829881,0.0
7.510904788970947,0.0,0.010123014450073242,0.0,"(300, 300, 150, 300)",tanh,"{'hidden_layer_sizes': (300, 300, 150, 300), 'activation': 'tanh'}",-0.015696918636451604,-0.015696918636451604,0.0,1,-0.012304879616484089,-0.012304879616484089,0.0
