mean_fit_time,std_fit_time,mean_score_time,std_score_time,param_hidden_layer_sizes,param_activation,params,split0_test_score,split1_test_score,mean_test_score,std_test_score,rank_test_score,split0_train_score,split1_train_score,mean_train_score,std_train_score
1.5033928155899048,0.06199681758880615,0.009465694427490234,6.246566772460938e-05,"(1395,)",tanh,"{'hidden_layer_sizes': (1395,), 'activation': 'tanh'}",-0.4583605300783755,-0.4567175457744933,-0.4575390379264344,0.0008214921519411056,2,-0.4634899229142375,-0.46354387220646553,-0.4635168975603515,2.697464611400857e-05
8.132988452911377,2.0360519886016846,0.00816357135772705,0.0012110471725463867,"(300, 300, 150, 300)",tanh,"{'hidden_layer_sizes': (300, 300, 150, 300), 'activation': 'tanh'}",-0.008817751389033221,-0.012262944308500001,-0.010540347848766611,0.00172259645973339,1,-0.007877383322804863,-0.01199091277266374,-0.009934148047734301,0.0020567647249294385
